ID;Situation;MQ2;MQ9;MQ135;MQ137;MQ138;MG-811
1;4;670;696;1252;1720;1321;2431
2;4;641;674;1156;1652;1410;2433
3;4;642;646;1159;1643;1455;2361
4;4;640;590;1105;1608;1459;2427
5;4;616;627;1192;1637;1466;2447
6;4;780;896;1438;1813;1489;2434
7;4;639;588;1050;1583;1519;2450
8;4;564;646;1231;1717;1523;2476
9;4;797;873;1289;1744;1544;2405
10;4;740;768;1192;1720;1567;2454
11;4;887;1068;1480;1847;1601;2438
12;4;627;682;1107;1624;1639;2427
13;4;564;622;1128;1632;1619;2447
14;4;743;746;1196;1708;1614;2451
15;4;620;666;1145;1652;1603;2478
16;4;637;648;1145;1658;1558;2457
17;4;576;598;1094;1546;1605;2442
18;4;559;574;1089;1598;1544;2459
19;4;552;571;1085;1591;1528;2453
20;4;551;565;1077;1599;1508;2442
21;4;546;570;1082;1556;1528;2465
22;4;543;580;1061;1579;1525;2440
23;4;501;562;1072;1581;1517;2454
24;4;537;553;1078;1579;1472;2457
25;4;533;555;1080;1561;1472;2451
26;4;556;553;1046;1591;1456;2444
27;4;543;575;1035;1599;1448;2476
28;4;526;562;1073;1594;1455;2426
29;4;534;581;1064;1586;1436;2479
30;4;548;558;1078;1615;1391;2479
31;3;1005;846;1483;1755;1660;2047
32;3;1193;1046;1633;1797;1831;1957
33;3;1266;1119;1702;1852;1875;1896
34;3;1151;1042;1614;1787;1893;1957
35;3;1204;1105;1670;1805;1918;1917
36;3;1258;1168;1689;1864;1930;1904
37;3;1254;1150;1698;1873;1948;1826
38;3;1151;1059;1623;1845;1845;1957
39;3;1116;1022;1597;1819;1876;1929
40;3;1156;1006;1632;1839;1875;1977
41;3;860;793;1359;1717;1634;2164
42;3;878;823;1397;1709;1662;2134
43;3;888;824;1417;1740;1688;2079
44;3;883;810;1411;1733;1631;2122
45;3;804;794;1384;1724;1641;2200
46;3;795;775;1360;1696;1644;2181
47;3;823;762;1366;1701;1583;2180
48;3;830;772;1361;1683;1584;2198
49;3;840;786;1326;1722;1603;2177
50;3;833;791;1344;1699;1609;2167
51;3;828;769;1380;1702;1585;2185
52;4;890;867;1367;1828;1515;2394
53;4;802;805;1295;1757;1618;2419
54;4;781;775;1252;1714;1676;2388
55;4;757;744;1257;1673;1713;2382
56;4;749;733;1208;1711;1714;2388
57;4;791;788;1187;1678;1742;2331
58;4;764;757;1265;1728;1700;2398
59;4;742;685;1228;1693;1741;2395
60;4;710;705;1206;1689;1705;2388
61;4;671;692;1203;1676;1735;2409
62;1;458;519;938;1498;1139;2380
63;1;453;516;960;1471;1106;2488
64;1;428;527;966;1495;1137;2477
65;1;430;527;957;1497;1137;2475
66;1;482;518;960;1505;1134;2472
67;1;496;551;974;1499;1126;2504
68;1;509;496;992;1524;1129;2509
69;1;517;548;967;1526;1141;2485
70;1;522;550;980;1528;1130;2435
71;1;520;548;967;1526;1141;2485
72;1;494;578;933;1506;1131;2455
73;1;517;538;967;1526;1141;2485
74;1;428;548;954;1524;1101;2485
75;1;474;543;967;1526;1141;2485
76;1;451;548;931;1516;1110;2485
77;1;463;525;967;1526;1141;2485
78;1;424;548;944;1504;1090;2485
79;1;435;579;967;1526;1141;2485
80;1;517;517;935;1513;1096;2485
81;1;517;548;967;1527;1141;2485
82;1;517;513;924;1526;1075;2485
83;1;517;548;967;1509;1141;2485
84;1;517;523;904;1526;1060;2485
85;2;596;610;1162;1605;1398;2328
86;2;669;658;1223;1633;1435;2250
87;2;722;684;1247;1643;1470;2260
88;2;666;633;1165;1611;1425;2323
89;2;685;650;1221;1596;1427;2324
90;2;655;640;1178;1603;1411;2342
91;2;758;631;1275;1667;1444;2320
92;2;706;676;1233;1629;1465;2289
93;2;737;685;1292;1659;1436;2308
94;2;711;623;1230;1618;1454;2360
95;2;660;632;1183;1616;1384;2376
96;2;673;629;1162;1622;1379;2414
97;1;477;506;944;1491;1153;2565
98;1;483;501;961;1470;1117;2619
99;1;477;520;954;1469;1116;2700
100;1;462;516;966;1482;1136;2658
101;1;506;492;971;1504;1111;2702
102;1;498;476;984;1495;1129;2695
103;1;501;541;958;1516;1161;2667
104;1;500;524;999;1513;1103;2664
105;1;501;528;1015;1487;1161;2684
106;1;502;546;977;1526;1160;2695
107;1;500;538;1008;1520;1164;2642
108;1;513;552;1001;1514;1165;2669
109;1;504;520;999;1520;1111;2681
110;1;495;524;1007;1479;1118;2703
111;1;490;521;989;1516;1146;2524
112;1;508;532;1006;1519;1149;2539
113;1;485;546;1013;1536;1203;2555
114;1;518;560;1009;1503;1201;2578
115;1;505;537;1004;1476;1181;2604
116;1;493;529;1005;1494;1142;2600
117;1;502;521;941;1516;1135;2623
118;2;616;623;1125;1608;1347;2401
119;2;610;637;1175;1584;1352;2392
120;2;642;655;1161;1635;1376;2383
121;2;661;637;1204;1639;1383;2387
122;2;651;668;1227;1601;1405;2353
123;2;670;631;1236;1649;1405;2344
124;2;630;671;1236;1639;1404;2356
125;2;666;614;1231;1642;1391;2380
126;2;670;679;1200;1661;1400;2362
127;2;691;653;1263;1664;1430;2339
128;2;622;645;1174;1605;1373;2426
129;2;586;606;1141;1620;1277;2491
130;2;579;598;1122;1562;1319;2506
131;1;521;540;994;1543;1162;2236
132;1;508;545;979;1532;1156;2233
133;1;457;539;1016;1535;1166;2249
134;1;501;538;1019;1535;1119;2231
135;1;502;536;1028;1534;1126;2232
136;1;520;521;1024;1538;1163;2212
137;1;441;452;892;1472;1213;2234
138;1;439;467;906;1481;1132;2213
139;1;393;484;912;1479;1134;2235
140;1;388;491;915;1478;1142;2216
141;1;447;442;916;1488;1110;2249
142;1;456;437;916;1480;1104;2264
143;2;532;549;984;1557;1210;2346
144;2;495;548;1031;1554;1233;2377
145;2;545;539;1025;1560;1161;2422
146;2;508;557;1057;1560;1237;2387
147;2;578;535;1071;1568;1240;2344
148;2;569;575;1093;1537;1263;2336
149;2;597;537;1101;1578;1265;2334
150;2;590;564;1089;1576;1265;2340
151;2;582;582;1109;1559;1260;2368
152;2;566;585;1109;1587;1278;2364
153;2;627;602;1160;1618;1267;2337
154;2;637;614;1164;1622;1302;2304
155;2;582;596;1144;1594;1330;2330
156;2;623;608;1110;1618;1301;2368
157;2;589;574;1122;1595;1244;2411
158;2;561;586;1111;1574;1283;2403
159;2;578;568;1100;1596;1223;2433
160;2;572;559;1076;1574;1220;2430
161;2;504;550;1060;1536;1240;2464
162;2;559;561;1026;1557;1208;2455
163;2;565;565;1079;1546;1236;2478
164;4;522;555;1045;1511;1271;2442
165;4;547;547;1076;1568;1298;2450
166;4;592;585;1135;1581;1320;2432
167;4;697;635;1197;1634;1447;2425
168;4;728;627;1246;1635;1512;2442
169;4;730;662;1258;1652;1504;2408
170;4;804;697;1329;1669;1593;2420
171;4;749;684;1276;1605;1567;2408
172;4;836;671;1336;1676;1592;2430
173;4;822;739;1314;1670;1625;2405
174;4;720;686;1273;1652;1609;2375
175;4;747;678;1266;1658;1586;2361
176;4;770;693;1289;1680;1595;2345
177;4;751;683;1273;1658;1574;2367
178;4;751;691;1279;1657;1616;2288
179;4;753;684;1277;1658;1621;2297
180;4;780;661;1299;1652;1622;2350
181;4;762;696;1238;1672;1602;2372
182;4;780;699;1301;1666;1587;2366
183;4;801;707;1329;1672;1575;2379
184;4;713;622;1242;1636;1556;2361
185;4;712;669;1208;1646;1558;2353
186;4;722;624;1259;1645;1563;2345
187;4;826;735;1311;1680;1626;2347
188;4;813;677;1329;1670;1617;2367
189;4;906;749;1379;1697;1692;2308
190;4;965;796;1451;1687;1740;2331
191;4;999;839;1469;1722;1803;2296
192;4;977;811;1458;1692;1790;2265
193;4;902;779;1417;1706;1778;2217
194;4;913;747;1420;1707;1742;2290
195;2;577;613;1139;1618;1264;2323
196;2;618;632;1161;1631;1318;2307
197;2;628;670;1162;1640;1352;2303
198;2;656;671;1235;1663;1352;2286
199;2;682;687;1243;1676;1413;2278
200;2;705;731;1248;1682;1445;2254
201;2;737;705;1310;1689;1466;2237
202;2;741;768;1338;1681;1482;2227
203;2;778;788;1320;1729;1509;2201
204;2;799;796;1383;1721;1500;2217
205;2;797;815;1342;1736;1555;2184
206;2;762;804;1387;1732;1536;2234
207;2;759;809;1384;1745;1546;2222
208;2;793;826;1373;1722;1562;2178
209;2;814;817;1355;1733;1557;2178
210;2;805;773;1392;1737;1549;2199
211;2;802;776;1393;1731;1546;2213
212;2;800;823;1396;1697;1569;2185
213;2;787;818;1395;1743;1565;2160
214;2;800;829;1399;1699;1567;2210
215;2;782;789;1333;1732;1529;2213
216;2;708;732;1312;1690;1452;2263
217;2;611;659;1183;1597;1390;2339
218;2;593;596;1151;1603;1348;2355
219;2;575;622;1129;1610;1270;2388
220;2;565;610;1135;1567;1301;2375
221;2;574;610;1130;1618;1250;2390
222;2;580;627;1095;1610;1297;2386
223;2;555;613;1063;1593;1274;2397
224;1;394;436;850;1435;1198;2172
225;1;388;449;895;1444;1081;2133
226;1;380;439;874;1424;941;2169
227;1;356;441;889;1433;1011;2161
228;1;371;436;879;1417;963;2262
229;1;377;430;812;1422;959;2265
230;1;380;410;860;1416;936;2215
231;1;380;410;860;1416;936;2215
232;1;380;410;860;1416;936;2215
233;1;345;435;862;1421;954;2241
234;1;369;440;834;1427;937;2205
235;1;373;435;867;1416;912;2286
236;1;380;410;860;1416;936;2215
237;1;345;435;862;1421;954;2241
238;1;369;440;834;1427;937;2205
239;1;373;435;867;1416;912;2286
240;1;373;435;867;1416;912;2286
241;1;448;492;929;1479;1163;2450
242;1;483;523;912;1520;1181;2438
243;1;469;495;892;1486;1137;2452
244;1;474;487;920;1500;1133;2482
245;1;471;501;926;1506;1122;2434
246;1;460;499;944;1495;1075;2519
247;1;466;502;934;1507;1109;2467
248;1;474;492;926;1504;1119;2305
249;1;466;515;922;1504;1116;2241
250;1;472;507;968;1513;1091;2251
251;1;482;499;934;1512;1110;2342
252;2;537;541;1031;1576;1221;2364
253;2;513;546;1035;1508;1226;2430
254;2;549;517;1061;1557;1249;2440
255;2;554;565;1083;1582;1249;2412
256;2;517;569;1098;1586;1283;2478
257;2;560;567;1107;1585;1217;2487
258;2;534;548;1051;1573;1224;2364
259;2;516;546;1035;1508;1226;2430
260;2;549;517;1061;1557;1249;2440
261;2;554;562;1083;1582;1249;2412
262;2;517;569;1098;1586;1283;2478
263;2;560;567;1107;1580;1217;2487
264;2;517;575;1101;1575;1265;2467
265;2;506;540;1094;1575;1242;2437
266;2;550;612;1091;1623;1254;2338
267;2;603;629;1196;1670;1323;2374
268;2;596;685;1206;1663;1379;2279
269;2;630;696;1218;1684;1388;2266
270;2;664;689;1249;1695;1406;2281
271;2;672;729;1266;1703;1434;2245
272;2;696;702;1294;1711;1448;2290
273;2;691;755;1295;1680;1470;2280
274;2;693;762;1304;1674;1481;2275
275;2;563;678;1202;1658;1401;2345
276;2;563;632;1140;1627;1337;2289
277;2;552;586;1147;1625;1300;2375
278;2;550;614;1103;1612;1281;2345
279;2;511;599;1105;1620;1202;2394
280;1;423;474;913;1491;1030;2555
281;1;421;467;910;1472;992;2578
282;1;399;470;906;1464;1045;2541
283;2;477;537;959;1541;1109;2533
284;2;472;525;1016;1505;1116;2535
285;2;506;513;1038;1549;1132;2542
286;2;509;499;1035;1569;1136;2565
287;2;504;569;1026;1561;1158;2523
288;2;511;550;1050;1565;1126;2529
289;2;506;565;1034;1566;1168;2534
290;2;485;553;1044;1563;1180;2523
291;2;504;562;1005;1558;1171;2501
292;2;534;546;1048;1566;1177;2482
293;2;516;566;1041;1556;1182;2513
294;2;526;563;1082;1583;1169;2526
295;2;523;569;1092;1546;1218;2492
296;2;514;559;1057;1584;1196;2486
297;2;532;570;1082;1592;1175;2535
298;2;532;584;1033;1587;1217;2514
299;2;501;562;1080;1574;1223;2529
300;2;545;587;1050;1585;1206;2511
301;2;539;536;1090;1580;1219;2527
302;2;491;562;1004;1564;1166;2554
303;2;529;593;1079;1606;1222;2513
304;2;550;611;1098;1600;1290;2457
305;2;580;596;1117;1604;1303;2493
306;2;544;621;1124;1613;1317;2493
307;2;564;609;1139;1615;1329;2531
308;2;607;636;1127;1631;1342;2506
309;2;598;662;1146;1616;1349;2513
310;2;607;670;1161;1625;1367;2502
311;2;621;672;1137;1652;1377;2494
312;2;630;616;1186;1649;1366;2510
313;2;649;702;1218;1639;1425;2464
314;2;658;697;1240;1649;1452;2422
315;2;657;697;1225;1668;1462;2370
316;2;670;729;1220;1687;1458;2441
317;2;669;675;1243;1664;1465;2429
318;2;644;696;1231;1613;1458;2432
319;2;530;639;1142;1617;1385;2520
320;2;556;607;1071;1592;1325;2500
321;2;539;600;1094;1597;1295;2491
322;2;532;601;1092;1541;1294;2528
323;2;536;591;1081;1601;1225;2551
324;2;526;592;1075;1596;1269;2480
325;2;513;581;1082;1594;1258;2562
326;2;495;590;1081;1575;1257;2533
327;2;525;604;1063;1583;1251;2533
328;1;424;457;855;1470;1041;2200
329;1;401;465;875;1428;1014;2207
330;1;408;468;894;1450;999;2227
331;1;410;462;888;1467;966;2237
332;1;403;442;882;1462;993;2233
333;1;409;469;896;1424;1010;2236
334;1;377;474;886;1458;1005;2292
335;1;410;475;900;1482;1018;2295
336;1;430;482;929;1447;1007;2252
337;1;417;478;911;1475;955;2263
338;1;423;493;865;1472;993;2263
339;1;413;478;925;1448;1005;2259
340;1;408;487;919;1477;1032;2212
341;1;434;436;923;1485;1002;2270
342;1;416;496;906;1466;1002;2265
343;1;442;481;897;1487;1004;2245
344;1;419;497;908;1461;997;2272
345;1;432;494;931;1486;1147;2201
346;1;407;497;954;1504;1128;2222
347;1;452;508;974;1481;1129;2229
348;1;457;504;994;1499;1127;2243
349;1;457;500;994;1507;1120;2247
350;1;464;520;943;1513;1151;2228
351;1;468;509;997;1498;1158;2238
352;1;466;523;948;1528;1147;2265
353;1;465;522;997;1499;1154;2554
354;1;483;499;993;1527;1161;2524
355;1;467;509;1008;1524;1127;2530
356;1;472;528;958;1533;1146;2556
357;1;472;525;1009;1491;1169;2537
358;1;479;521;980;1529;1163;2540
359;1;485;511;1005;1534;1161;2535
360;1;466;534;1006;1507;1154;2568
361;1;428;521;1010;1525;1171;2568
362;1;475;533;984;1533;1169;2550
363;4;653;621;1173;1699;1350;2500
364;4;697;701;1215;1722;1411;2509
365;4;682;704;1181;1715;1454;2426
366;4;666;707;1172;1672;1494;2463
367;4;638;686;1166;1683;1492;2513
368;4;629;674;1154;1674;1520;2430
369;4;636;669;1167;1628;1521;2486
370;4;772;812;1389;1842;1521;2494
371;4;869;975;1355;1837;1674;2454
372;4;864;967;1363;1791;1689;2493
373;4;861;951;1349;1823;1697;2462
374;4;891;989;1370;1848;1699;2501
375;4;879;1019;1395;1844;1732;2456
376;4;886;1064;1422;1851;1724;2502
377;4;940;1127;1434;1871;1731;2504
378;4;969;1176;1428;1874;1753;2476
379;4;993;1180;1495;1894;1763;2503
380;4;974;1240;1509;1900;1784;2479
381;4;1030;1256;1504;1910;1797;2458
382;4;1034;1308;1532;1925;1793;2431
383;4;1047;1285;1543;1914;1798;2467
384;4;1045;1354;1540;1893;1810;2468
385;4;1062;1364;1518;1926;1819;2445
386;4;1061;1367;1552;1917;1829;2398
387;4;1066;1388;1569;1897;1817;2490
388;4;967;1128;1434;1870;1812;2430
389;4;941;1028;1400;1851;1793;2498
390;4;894;1016;1369;1830;1774;2482
391;4;886;1048;1383;1838;1796;2458
392;4;858;995;1352;1807;1796;2467
393;4;878;990;1350;1815;1779;2449
394;4;904;1012;1366;1837;1758;2499
395;4;867;999;1327;1787;1785;2464
396;4;800;942;1317;1797;1762;2510
397;4;853;957;1279;1797;1767;2457
398;4;843;1014;1374;1810;1766;2498
399;4;896;1032;1383;1837;1717;2502
400;4;901;1044;1396;1802;1772;2480
401;4;918;1013;1401;1847;1761;2494
402;4;912;1067;1408;1816;1766;2498
403;4;854;1042;1377;1834;1779;2483
404;4;874;996;1364;1808;1759;2483
405;4;856;969;1274;1806;1769;2465
406;4;840;940;1315;1808;1711;2491
407;4;855;969;1335;1815;1759;2440
408;4;861;936;1344;1811;1750;2503
409;4;862;922;1339;1810;1740;2520
410;4;865;947;1350;1808;1743;2475
411;4;870;982;1348;1817;1699;2513
412;4;849;958;1321;1811;1717;2497
413;4;844;974;1342;1810;1744;2519
414;4;855;924;1333;1803;1745;2502
415;4;832;990;1360;1810;1759;2510
416;4;873;1015;1322;1819;1758;2498
417;4;848;960;1332;1800;1731;2510
418;4;847;981;1320;1809;1750;2486
419;4;854;970;1339;1814;1757;2428
420;4;847;925;1334;1793;1746;2504
421;4;836;946;1321;1750;1765;2480
422;4;820;880;1283;1781;1736;2490
423;4;828;929;1324;1807;1744;2438
424;4;797;896;1211;1747;1746;2473
425;4;707;734;1164;1693;1723;2495
426;4;652;718;1150;1641;1709;2491
427;4;650;674;1142;1673;1674;2532
428;4;624;682;1105;1661;1644;2518
429;4;597;657;1084;1638;1642;2496
430;3;723;692;1317;1680;1609;2166
431;3;788;683;1358;1705;1613;2188
432;3;844;772;1427;1689;1680;2121
433;3;877;791;1452;1734;1672;2108
434;3;1112;1015;1645;1827;1833;1928
435;3;1158;1055;1668;1841;1893;1849
436;3;1129;1058;1665;1797;1889;1950
437;3;1124;1064;1652;1806;1901;1911
438;3;1053;1037;1642;1809;1908;1929
439;3;1088;1029;1635;1786;1900;1936
440;3;1066;993;1621;1816;1870;1961
441;3;1049;1009;1615;1833;1819;1957
442;3;1052;1019;1606;1787;1869;1948
443;3;1013;973;1606;1806;1833;1938
444;3;1035;1016;1592;1819;1820;1947
445;3;956;956;1557;1813;1744;1976
446;3;921;868;1522;1767;1731;2026
447;3;897;897;1475;1764;1729;1996
448;3;918;879;1535;1772;1722;2010
449;3;916;938;1543;1759;1739;2018
450;3;920;934;1498;1784;1735;2015
451;3;936;898;1551;1793;1736;2019
452;3;922;941;1553;1785;1745;2006
453;3;933;935;1556;1753;1746;2017
454;3;953;966;1577;1819;1715;2000
455;3;998;1026;1595;1796;1796;1923
456;3;987;1010;1602;1778;1792;1935
457;3;982;992;1560;1801;1773;1948
458;3;878;907;1508;1748;1722;2035
459;3;767;789;1385;1711;1637;2070
460;3;705;729;1329;1697;1524;2183
461;3;689;693;1266;1654;1512;2120
462;3;998;1026;1595;1796;1796;1923
463;3;987;1010;1602;1778;1792;1935
464;3;982;992;1560;1801;1773;1948
465;3;878;907;1508;1748;1722;2035
466;3;767;789;1375;1711;1633;2070
467;3;705;729;1329;1697;1524;2183
468;1;426;485;883;1474;1159;2371
469;1;429;494;947;1503;1055;2251
470;1;448;519;964;1500;1086;2245
471;1;407;515;995;1501;1099;2265
472;1;458;526;958;1515;1083;2272
473;1;463;512;1027;1500;1067;2292
474;1;466;524;1033;1474;1092;2294
475;1;459;533;1010;1519;1092;2501
476;1;588;693;1176;1580;1387;2379
477;1;567;585;1125;1583;1254;2362
478;1;522;631;1138;1596;1252;2421
479;1;585;638;1133;1599;1250;2372
480;1;545;641;1148;1595;1230;2448
481;1;568;647;1149;1614;1239;2374
482;1;557;643;1160;1591;1248;2365
483;1;512;640;1148;1580;1261;2418
484;1;561;637;1148;1587;1240;2380
485;1;574;592;1150;1610;1221;2447
486;1;532;644;1155;1602;1257;2435
487;1;572;600;1156;1590;1228;2432
488;1;571;638;1165;1574;1238;2440
489;1;552;642;1153;1600;1237;2380
490;1;566;658;1151;1571;1238;2428
491;1;543;645;1155;1588;1255;2395
492;2;540;595;1114;1575;1167;2388
493;2;542;607;1119;1543;1228;2398
494;2;543;599;1117;1541;1230;2368
495;2;529;611;1089;1564;1203;2412
496;2;518;606;1126;1582;1233;2395
497;2;547;617;1119;1551;1242;2372
498;2;524;595;1113;1581;1224;2362
499;2;523;608;1135;1594;1255;2400
500;2;550;571;1123;1572;1245;2402
501;2;554;584;1146;1582;1248;2407
502;2;493;586;1109;1560;1260;2414
503;2;574;612;1110;1592;1279;2367
504;2;576;630;1172;1581;1299;2362
505;2;575;640;1188;1619;1330;2317
506;2;606;663;1164;1633;1339;2355
507;2;609;648;1207;1645;1303;2357
508;2;621;656;1219;1631;1338;2326
509;2;610;649;1225;1585;1343;2383
510;2;597;650;1204;1633;1344;2327
511;2;605;645;1202;1636;1347;2322
512;2;611;606;1200;1619;1324;2370
513;2;582;615;1191;1604;1324;2405
514;2;608;616;1180;1615;1326;2381
515;2;554;622;1186;1598;1329;2382
516;2;611;635;1225;1640;1284;2407
517;2;603;649;1208;1594;1336;2376
518;2;581;611;1198;1610;1286;2433
519;2;591;576;1176;1592;1285;2432
520;2;585;581;1174;1610;1284;2430
521;2;555;597;1160;1593;1288;2411
522;1;527;529;1094;1554;1191;2247
523;1;521;540;1074;1547;1189;2212
524;1;519;558;1083;1560;1149;2230
525;1;522;574;1127;1569;1229;2299
526;1;511;554;1076;1565;1173;2230
527;1;491;559;1079;1551;1174;2287
528;1;545;577;1082;1578;1197;2263
529;1;513;558;1076;1566;1166;2224
530;1;440;520;932;1460;1154;2398
531;1;437;513;949;1500;1143;2321
532;1;453;501;966;1497;1126;2358
533;1;417;517;990;1507;1129;2346
534;1;454;525;925;1504;1113;2309
535;1;510;549;1078;1519;1161;2301
536;1;523;499;1067;1539;1154;2306
537;1;492;537;1044;1499;1137;2351
538;1;519;549;1073;1571;1135;2316
539;1;517;548;1099;1574;1175;2344
540;4;545;576;1131;1640;1176;2393
541;4;785;825;1302;1790;1302;2426
542;4;767;804;1253;1731;1412;2421
543;4;763;787;1240;1748;1431;2467
544;4;750;717;1210;1716;1508;2440
545;4;725;734;1202;1714;1478;2470
546;4;683;730;1193;1715;1544;2449
547;4;658;711;1172;1691;1565;2443
548;4;709;703;1184;1684;1537;2462
549;4;642;697;1169;1676;1560;2471
550;4;622;672;1134;1658;1571;2445
551;4;669;686;1169;1700;1557;2404
552;4;626;677;1153;1662;1575;2438
553;4;660;623;1145;1660;1536;2491
554;4;653;679;1163;1675;1566;2434
555;4;706;724;1149;1699;1560;2453
556;4;685;747;1216;1705;1586;2468
557;4;725;689;1204;1712;1559;2476
558;4;729;741;1261;1719;1567;2501
559;4;777;810;1264;1749;1563;2451
560;4;809;827;1248;1749;1600;2449
561;4;806;845;1275;1768;1553;2479
562;4;827;890;1318;1772;1574;2459
563;4;843;912;1317;1788;1617;2434
564;4;852;932;1333;1799;1637;2429
565;4;846;930;1321;1794;1648;2424
566;4;867;920;1353;1807;1643;2507
567;4;866;959;1342;1802;1663;2422
568;4;876;931;1347;1807;1667;2500
569;4;870;971;1309;1814;1670;2475
570;4;877;922;1355;1816;1679;2491
571;4;858;942;1328;1805;1659;2483
572;4;861;953;1351;1806;1653;2460
573;4;876;995;1367;1814;1652;2466
574;4;822;948;1327;1794;1704;2460
575;4;777;814;1222;1734;1652;2495
576;4;761;748;1228;1727;1679;2473
577;4;736;773;1218;1715;1685;2422
578;4;775;809;1252;1741;1678;2419
579;4;780;818;1246;1739;1631;2471
580;4;775;821;1262;1753;1638;2455
581;4;797;847;1291;1754;1623;2497
582;4;807;894;1291;1761;1660;2488
583;4;804;876;1276;1739;1658;2483
584;4;811;868;1281;1783;1629;2491
585;4;828;856;1307;1776;1655;2490
586;4;817;905;1297;1745;1672;2466
587;4;793;850;1274;1726;1678;2476
588;4;755;796;1230;1730;1628;2468
589;4;773;831;1258;1713;1673;2472
590;4;791;792;1265;1748;1651;2497
591;4;800;833;1245;1748;1655;2479
592;4;784;834;1281;1738;1626;2473
593;4;808;851;1293;1766;1657;2491
594;4;824;883;1318;1758;1651;2493
595;4;835;904;1264;1772;1663;2479
596;4;826;901;1249;1788;1660;2478
597;4;817;881;1298;1790;1622;2493
598;4;825;903;1260;1780;1666;2450
599;4;782;887;1306;1760;1685;2467
600;4;819;887;1295;1773;1633;2474
601;4;811;830;1287;1768;1657;2482
602;4;806;875;1311;1780;1664;2486
603;4;835;875;1309;1776;1667;2490
604;4;826;846;1304;1773;1678;2467
605;4;812;880;1307;1721;1683;2461
606;4;788;891;1304;1761;1690;2464
607;4;769;783;1153;1697;1677;2448
608;1;405;454;923;1446;998;2170
609;1;407;434;911;1440;958;2108
610;1;358;452;916;1434;960;2125
611;1;373;454;931;1431;980;2185
612;1;409;473;890;1446;971;2100
613;1;414;471;957;1413;989;2120
614;1;428;471;931;1457;985;2141
615;1;420;481;949;1446;1000;2198
616;1;428;469;976;1447;1007;2152
617;1;422;468;974;1450;964;2109
618;1;439;421;986;1460;995;2121
619;1;405;457;938;1444;987;2151
620;1;364;429;858;1417;870;2526
621;1;381;421;827;1416;906;2484
622;1;378;433;823;1415;911;2492
623;1;369;452;862;1415;914;2519
624;1;374;393;870;1427;920;2507
625;1;365;432;885;1414;875;2496
626;1;367;429;880;1409;888;2492
627;1;369;443;861;1419;903;2439
628;1;361;433;862;1427;902;2460
629;1;321;432;854;1410;911;2525
630;1;366;427;857;1420;895;2492
631;1;360;441;848;1401;890;2517
632;1;366;435;819;1421;893;2511
633;1;366;439;862;1431;900;2450
634;1;368;435;863;1437;866;2534
635;1;368;437;869;1433;948;2468
636;1;376;447;876;1392;962;2515
637;1;371;442;883;1438;951;2468
638;1;373;443;880;1434;956;2463
639;1;367;439;893;1408;946;2518
640;1;375;443;895;1393;949;2506
641;1;376;449;883;1435;949;2461
642;1;385;453;851;1437;944;2517
643;1;370;448;895;1394;959;2484
644;1;388;397;881;1428;943;2536
645;2;561;599;1139;1590;1266;2318
646;2;559;562;1187;1585;1285;2311
647;2;571;624;1230;1610;1318;2305
648;2;605;637;1248;1590;1357;2266
649;2;583;644;1261;1626;1370;2284
650;2;631;596;1262;1627;1362;2279
651;2;577;594;1191;1613;1256;2324
652;2;539;571;1164;1560;1248;2335
653;2;547;576;1175;1591;1245;2314
654;2;544;551;1159;1587;1246;2347
655;2;619;643;1252;1641;1329;2243
656;2;612;647;1257;1595;1349;2291
657;2;653;635;1276;1655;1356;2280
658;2;563;626;1233;1614;1349;2300
659;2;557;587;1175;1578;1254;2308
660;2;542;594;1142;1553;1263;2327
661;2;569;582;1144;1583;1266;2322
662;2;552;579;1173;1550;1250;2330
663;2;514;577;1140;1570;1252;2363
664;2;522;573;1068;1562;1232;2344
665;2;533;585;1106;1581;1221;2360
666;2;539;573;1134;1579;1239;2272
667;2;556;593;1179;1562;1248;2362
668;2;579;556;1188;1608;1274;2363
669;2;569;612;1186;1602;1291;2287
670;2;571;606;1180;1611;1279;2303
671;2;526;598;1160;1581;1289;2301
672;2;559;597;1112;1567;1266;2352
673;2;581;572;1191;1606;1287;2369
674;2;562;601;1166;1599;1269;2307
675;2;560;602;1166;1595;1236;2349
676;2;559;603;1155;1564;1266;2355
677;3;746;736;1343;1700;1510;2049
678;3;796;752;1403;1714;1562;2038
679;3;823;803;1408;1716;1618;1995
680;3;788;814;1454;1740;1633;2032
681;3;856;831;1459;1749;1640;2013
682;3;938;932;1557;1786;1706;1907
683;3;926;929;1574;1756;1742;1947
684;3;954;958;1576;1779;1798;1827
685;3;924;934;1559;1780;1745;1916
686;3;928;946;1573;1744;1782;1949
687;3;937;965;1527;1769;1804;1904
688;3;959;982;1607;1795;1772;1919
689;3;945;979;1587;1801;1814;1861
690;3;972;986;1593;1784;1809;1874
691;3;870;912;1523;1758;1685;1946
692;3;742;795;1421;1682;1649;2021
693;4;732;760;1271;1700;1591;2475
694;4;669;658;1162;1673;1601;2465
695;4;608;678;1184;1687;1625;2463
696;4;714;768;1230;1760;1628;2433
697;4;713;750;1219;1721;1642;2400
698;4;666;718;1213;1701;1651;2447
699;4;698;745;1245;1719;1653;2425
700;4;773;823;1304;1734;1648;2447
701;4;748;794;1284;1735;1627;2442
702;4;770;769;1270;1738;1660;2456
703;4;822;947;1359;1811;1673;2424
704;4;808;884;1341;1788;1639;2445
705;4;845;961;1326;1808;1695;2454
706;4;821;897;1341;1761;1701;2464
707;4;840;938;1376;1829;1726;2359
708;4;875;1065;1434;1853;1743;2416
709;4;805;878;1216;1658;1719;2462
710;4;586;614;1024;1597;1651;2441
711;4;610;641;1108;1639;1664;2467
712;4;619;620;1096;1652;1644;2471
713;4;731;777;1265;1713;1646;2443
714;4;880;1062;1416;1840;1636;2458
715;4;808;908;1266;1774;1689;2453
716;4;741;786;1237;1738;1642;2470
717;4;819;845;1366;1811;1694;2440
718;4;776;832;1281;1744;1697;2452
719;4;771;846;1306;1733;1711;2434
720;4;808;861;1330;1793;1688;2478
721;4;843;964;1354;1803;1715;2449
722;4;820;918;1338;1816;1676;2458
723;4;829;944;1312;1808;1724;2432
724;4;833;927;1347;1810;1667;2464
725;4;839;937;1335;1803;1665;2461
726;4;854;975;1340;1807;1726;2450
727;4;831;1003;1398;1837;1737;2453
728;4;872;1010;1346;1818;1746;2407
729;4;864;1008;1366;1789;1741;2450
730;4;848;960;1367;1784;1745;2445
731;4;891;1054;1388;1855;1747;2432
732;4;892;1061;1379;1833;1750;2425
733;4;846;1022;1408;1826;1775;2402
734;4;871;1018;1339;1824;1745;2439
735;4;895;1009;1422;1822;1755;2442
736;4;918;1023;1434;1870;1756;2426
737;4;942;1120;1484;1859;1770;2418
738;4;852;920;1266;1732;1763;2408
739;4;682;722;1099;1637;1676;2457
740;4;554;610;1019;1577;1718;2363
741;4;506;573;993;1547;1644;2428
742;4;552;607;1110;1634;1670;2375
743;4;606;654;1121;1610;1653;2452
744;4;608;648;1155;1636;1627;2463
745;4;607;616;1106;1625;1618;2469
746;4;657;676;1168;1669;1630;2437
747;4;609;649;1098;1624;1583;2458
748;2;443;585;1124;1591;1115;2168
749;2;442;590;1131;1588;1135;2186
750;2;478;574;1132;1586;1077;2174
751;2;488;592;1153;1587;1107;2187
752;2;496;610;1126;1605;1141;2149
753;2;496;597;1103;1596;1121;2166
754;2;467;596;1148;1599;1140;2150
755;2;504;600;1167;1619;1097;2142
756;2;511;617;1190;1571;1175;2137
757;2;537;629;1167;1623;1182;2154
758;2;527;636;1235;1636;1191;2164
759;2;542;645;1233;1641;1204;2059
760;2;566;654;1265;1655;1170;2171
761;2;584;652;1261;1659;1235;2105
762;2;582;639;1279;1650;1243;2136
763;2;545;580;1215;1627;1181;2162
764;2;540;659;1226;1639;1199;2152
765;2;543;642;1228;1634;1169;2128
766;2;550;638;1257;1627;1197;2138
767;2;478;629;1214;1619;1203;2150
768;2;510;612;1191;1623;1164;2105
769;2;536;638;1231;1596;1195;2151
770;2;560;655;1248;1665;1185;2130
771;2;552;641;1251;1637;1182;2162
772;2;540;615;1233;1631;1210;2159
773;2;562;639;1216;1635;1216;2129
774;2;537;644;1249;1655;1224;2158
775;2;561;651;1267;1609;1224;2156
776;2;543;663;1272;1653;1251;2126
777;2;589;647;1291;1651;1241;2146
778;2;600;665;1263;1667;1254;2135
779;2;587;679;1299;1674;1278;2088
780;2;561;677;1302;1664;1285;2128
781;2;577;659;1278;1651;1211;2114
782;2;511;636;1232;1623;1234;2107
783;2;556;588;1230;1632;1199;2161
784;2;536;620;1214;1640;1159;2163
785;2;508;603;1182;1611;1162;2112
786;2;499;590;1162;1595;1091;2185
787;2;506;607;1181;1570;1159;2151
788;2;536;624;1224;1594;1171;2158
789;2;527;633;1167;1627;1166;2165
790;2;539;630;1238;1623;1145;2169
791;2;549;640;1238;1643;1151;2147
792;2;513;640;1228;1637;1192;2170
793;2;552;641;1248;1643;1172;2165
794;2;549;633;1233;1644;1157;2160
795;2;552;639;1202;1642;1194;2131
796;2;550;640;1248;1626;1183;2143
797;2;544;639;1230;1628;1152;2149
798;2;496;616;1200;1621;1167;2156
799;2;531;574;1202;1622;1144;2196
800;2;524;619;1163;1614;1160;2144
801;2;528;611;1198;1612;1106;2166
802;2;520;605;1182;1624;1129;2149
803;2;528;563;1196;1615;1146;2181
804;2;521;612;1213;1617;1130;2190
805;2;525;635;1182;1616;1164;2181
806;2;506;619;1186;1585;1142;2194
807;2;508;616;1126;1600;1142;2147
808;2;526;594;1158;1611;1144;2177
809;2;467;601;1182;1593;1138;2202
810;2;515;617;1200;1587;1146;2188
811;2;518;608;1182;1630;1138;2140
812;2;507;577;1183;1610;1128;2209
813;2;469;608;1184;1601;1167;2168
814;2;455;587;1169;1594;1143;2198
815;2;477;572;1148;1578;1092;2209
816;2;501;587;1177;1576;1106;2199
817;2;499;587;1167;1612;1077;2206
818;2;516;570;1167;1591;1133;2168
819;2;502;597;1165;1606;1115;2145
820;1;376;486;909;1461;1074;2292
821;1;384;492;919;1435;1062;2284
822;1;399;501;955;1459;1066;2317
823;1;421;495;912;1487;1072;2317
824;1;408;521;970;1469;1093;2296
825;1;423;511;981;1502;1110;2216
826;1;397;497;945;1496;1046;2310
827;1;362;501;941;1473;1082;2311
828;1;387;497;947;1441;1065;2308
829;1;375;507;963;1483;1097;2309
830;1;415;509;974;1500;1066;2293
831;1;431;519;1010;1470;1106;2329
832;1;409;516;909;1486;1085;2301
833;1;414;505;963;1492;1026;2316
834;1;400;501;940;1493;1026;2296
835;1;432;507;953;1506;1075;2304
836;1;396;503;940;1484;1054;2264
837;1;380;505;955;1491;1065;2272
838;1;411;520;967;1468;1072;2303
839;1;401;475;922;1478;1072;2380
840;1;365;489;929;1467;1035;2346
841;1;416;480;976;1496;1062;2373
842;1;402;531;1001;1503;1116;2342
843;1;433;549;962;1509;1110;2344
844;1;390;531;1005;1496;1114;2345
845;1;399;521;990;1502;1062;2394
846;1;434;472;994;1491;1071;2344
847;1;379;518;997;1503;1092;2381
848;1;394;518;995;1484;1106;2340
849;1;417;522;1012;1456;1091;2378
850;1;420;523;1000;1492;1095;2278
851;1;421;518;999;1516;1055;2360
852;1;434;473;1007;1494;1069;2386
853;1;423;535;995;1494;1069;2372
854;1;439;498;1005;1510;1070;2374
855;1;390;519;1011;1505;1080;2378
856;1;422;520;1004;1511;1051;2367
857;1;419;540;991;1503;1079;2350
858;1;388;516;893;1444;1369;2192
859;1;467;895;977;1651;1468;2197
860;1;460;779;948;1627;1292;2291
861;1;437;700;880;1582;1246;2292
862;1;457;715;927;1611;1241;2292
863;1;393;653;930;1567;1220;2284
864;1;438;665;910;1572;1202;2291
865;1;432;583;948;1548;1107;2311
866;1;418;565;943;1526;1077;2344
867;1;422;570;904;1519;1109;2342
868;1;419;568;917;1516;1114;2342
869;1;374;552;949;1514;1117;2350
870;1;418;544;962;1509;1097;2325
871;1;420;522;952;1508;1110;2339
872;1;408;543;948;1516;1111;2294
873;1;413;545;955;1524;1063;2339
874;1;422;538;955;1535;1049;2372
875;1;415;550;935;1503;1086;2352
876;1;414;529;946;1515;1056;2336
877;2;556;635;1166;1599;1282;2144
878;2;569;650;1182;1611;1318;2146
879;2;596;667;1213;1604;1337;2132
880;2;594;673;1214;1641;1304;2127
881;2;588;666;1201;1633;1335;2108
882;2;537;626;1134;1601;1264;2189
883;2;555;633;1157;1618;1295;2134
884;2;553;640;1173;1623;1296;2137
885;2;498;617;1131;1576;1272;2203
886;2;553;625;1153;1596;1231;2198
887;2;561;626;1127;1612;1261;2216
888;2;543;635;1149;1588;1272;2224
889;2;530;615;1145;1546;1261;2226
890;2;556;629;1163;1618;1215;2246
891;2;602;656;1215;1625;1321;2160
892;2;584;654;1221;1607;1326;2201
893;2;613;677;1201;1632;1350;2192
894;2;626;683;1217;1657;1352;2198
895;2;589;678;1215;1604;1340;2205
896;2;571;663;1194;1638;1306;2181
897;2;550;643;1160;1609;1292;2169
898;2;534;626;1138;1600;1264;2176
899;2;549;632;1163;1553;1265;2244
900;2;547;644;1158;1591;1276;2241
901;2;545;625;1168;1594;1235;2270
902;2;548;650;1138;1627;1271;2231
903;4;579;678;1130;1673;1266;2300
904;4;641;696;1112;1670;1312;2300
905;4;628;701;1132;1684;1353;2261
906;4;591;689;1132;1652;1398;2279
907;4;598;686;1111;1639;1405;2330
908;4;600;647;1107;1647;1413;2335
909;4;594;648;1075;1638;1430;2300
910;4;558;629;1079;1608;1383;2300
911;4;542;619;1063;1581;1429;2300
912;4;531;606;1056;1577;1402;2346
913;4;544;609;1022;1611;1397;2298
914;4;647;761;1244;1737;1282;2367
915;4;700;773;1220;1740;1368;2347
916;4;774;941;1286;1787;1473;2328
917;4;714;818;1196;1735;1490;2286
918;4;685;739;1171;1693;1524;2348
919;4;581;704;1117;1654;1555;2332
920;4;586;676;1106;1648;1538;2275
921;4;588;681;1118;1606;1524;2339
922;4;546;664;1101;1631;1526;2303
923;4;569;653;1110;1643;1492;2334
924;4;573;658;1114;1628;1451;2338
925;4;579;666;1080;1650;1471;2347
926;4;580;658;1066;1650;1457;2344
927;4;563;660;1111;1634;1467;2304
928;4;572;672;1101;1639;1460;2315
929;4;585;661;1118;1654;1443;2325
930;4;541;662;1117;1639;1451;2358
931;4;582;652;1115;1632;1429;2327
932;4;650;726;1188;1692;1398;2237
933;4;668;749;1186;1706;1407;2275
934;4;660;744;1126;1707;1454;2282
935;4;627;700;1115;1672;1465;2267
936;4;577;648;1083;1641;1437;2296
937;4;542;636;1078;1610;1478;2276
938;4;553;628;1037;1613;1446;2296
939;4;536;634;1013;1601;1446;2275
940;2;494;556;1031;1558;1136;2129
941;2;494;564;1092;1558;1111;2134
942;2;500;574;1118;1556;1144;2141
943;2;506;585;1115;1565;1193;2144
944;2;494;581;1120;1574;1197;2182
945;2;524;598;1134;1600;1202;2266
946;2;519;591;1145;1575;1176;2123
947;2;508;590;1131;1533;1200;2110
948;2;507;597;1124;1593;1200;2247
949;2;512;541;1121;1572;1158;2130
950;2;455;582;1102;1566;1189;2107
951;2;499;586;1120;1577;1208;2128
952;2;485;593;1131;1581;1205;2192
953;2;513;613;1089;1580;1211;2185
954;2;519;595;1122;1586;1210;2240
955;2;482;599;1137;1588;1206;2327
956;2;573;636;1228;1611;1247;2285
957;2;531;615;1177;1592;1219;2195
958;2;536;566;1148;1601;1228;2115
959;2;486;613;1159;1587;1264;2286
960;2;478;592;1072;1554;1192;2287
961;2;490;580;1096;1574;1166;2290
962;2;490;578;1114;1549;1166;2325
963;2;518;604;1145;1590;1161;2198
964;2;573;613;1221;1619;1257;2189
965;2;493;619;1163;1590;1236;2133
966;2;527;622;1120;1598;1221;2119
967;2;539;618;1180;1573;1231;2296
968;2;541;625;1187;1570;1234;2186
969;2;521;571;1134;1575;1191;2200
970;2;480;590;1062;1560;1174;2202
971;1;398;495;946;1469;1006;2283
972;1;401;496;933;1496;986;2316
973;1;400;498;945;1478;1003;2335
974;1;402;501;955;1471;984;2307
975;1;405;499;951;1464;1019;2316
976;1;402;516;943;1460;1016;2325
977;1;404;501;956;1473;1010;2344
978;1;418;493;950;1487;996;2347
979;1;401;504;954;1461;1009;2339
980;1;417;475;953;1485;1009;2326
981;1;409;510;969;1447;1006;2336
982;1;416;509;910;1502;1015;2319
983;1;379;506;955;1487;1015;2337
984;1;369;514;959;1497;1018;2344
985;1;409;515;968;1456;1020;2352
986;1;414;505;981;1491;994;2346
987;1;375;512;972;1487;1038;2346
988;1;387;512;974;1503;1011;2343
989;1;419;527;980;1468;1020;2336
990;1;383;517;978;1498;1031;2342
991;1;419;527;976;1466;1039;2330
992;4;1190;1064;1738;1786;1877;1903
993;4;1209;1069;1707;1801;1865;1914
994;4;1136;1020;1684;1785;1793;1925
995;4;1063;968;1627;1736;1785;1888
996;4;1028;944;1614;1741;1747;1904
997;4;996;939;1577;1699;1769;1908
998;4;970;920;1580;1731;1763;1865
999;4;992;910;1596;1731;1739;1928
1000;4;1153;1025;1702;1787;1809;1934
1001;4;1011;950;1600;1698;1788;1942
1002;4;992;903;1559;1733;1756;1926
1003;4;862;841;1482;1686;1688;1873
1004;4;765;769;1335;1632;1634;1926
1005;4;739;750;1378;1627;1548;1969
1006;4;758;778;1398;1624;1611;1961
1007;4;737;746;1405;1642;1616;1949
1008;4;707;737;1381;1628;1596;1958
1009;4;715;719;1374;1634;1537;2008
1010;4;732;745;1403;1609;1578;1964
1011;4;697;712;1306;1619;1562;1954
1012;4;684;702;1334;1621;1518;1934
1013;4;594;638;1231;1574;1449;2005
1014;1;348;463;907;1463;933;2207
1015;1;358;434;900;1469;952;2214
1016;1;319;465;898;1460;960;2164
1017;1;322;463;899;1449;967;2177
1018;1;304;465;895;1451;952;2193
1019;1;356;465;914;1451;955;2204
1020;1;369;465;895;1478;941;2206
1021;1;369;452;913;1479;942;2238
1022;1;355;433;917;1472;947;2245
1023;1;357;488;902;1448;947;2231
1024;1;351;466;905;1476;936;2173
1025;1;324;464;898;1459;941;2212
1026;1;358;438;907;1467;941;2225
1027;1;360;474;870;1464;942;2209
1028;1;357;469;924;1465;928;2223
1029;1;364;471;883;1468;944;2234
1030;1;378;459;884;1474;935;2251
1031;1;362;416;921;1470;932;2244
1032;1;354;467;910;1428;943;2221
1033;1;319;467;907;1457;935;2237
1034;1;354;458;907;1477;918;2246
1035;1;338;467;907;1466;934;2194
1036;1;361;436;912;1473;923;2269
1037;1;375;462;885;1469;941;2219
1038;1;361;476;884;1472;938;2236
1039;1;358;465;929;1461;937;2254
1040;1;358;470;932;1471;919;2268
1041;1;355;423;915;1470;933;2244
1042;1;361;482;892;1467;927;2257
1043;1;357;475;913;1425;925;2256
1044;1;369;465;879;1465;930;2235
1045;1;356;478;927;1437;922;2257
1046;1;362;470;933;1476;915;2254
1047;1;405;542;973;1504;1042;2220
1048;1;381;493;946;1475;1006;2263
1049;1;371;485;931;1496;952;2292
1050;1;366;491;904;1488;972;2280
1051;1;365;476;922;1477;942;2251
1052;1;358;471;919;1457;972;2255
1053;1;326;471;922;1473;956;2268
1054;1;368;477;933;1453;953;2265
1055;2;494;606;1091;1583;1227;2011
1056;2;467;603;1092;1556;1234;2078
1057;2;513;570;1115;1575;1240;2099
1058;2;492;561;1101;1565;1229;2103
1059;2;499;602;1106;1586;1233;2050
1060;2;543;581;1161;1601;1270;2125
1061;2;522;619;1132;1609;1271;2053
1062;2;527;638;1111;1586;1289;2080
1063;2;536;588;1145;1593;1275;2137
1064;2;498;566;1103;1569;1239;2138
1065;2;527;632;1175;1591;1323;2143
1066;2;525;624;1131;1590;1277;2085
1067;2;516;617;1150;1609;1276;2131
1068;2;539;628;1140;1614;1280;2101
1069;2;530;638;1140;1600;1294;2050
1070;2;555;623;1163;1613;1293;2124
1071;2;542;608;1165;1598;1305;2099
1072;2;483;639;1159;1597;1306;2105
1073;2;468;620;1132;1588;1282;2150
1074;2;487;595;1099;1572;1233;2110
1075;2;504;555;1104;1560;1253;2111
1076;2;453;567;1057;1548;1196;2100
1077;2;458;569;999;1527;1183;2138
1078;2;434;576;1075;1554;1181;2189
1079;2;459;572;1060;1543;1185;2124
1080;2;494;601;1058;1565;1202;2170
1081;2;496;601;1113;1577;1218;2114
1082;2;476;593;1108;1559;1225;2138
1083;2;442;593;1108;1561;1231;2145
1084;2;497;614;1087;1588;1204;2175
1085;1;356;444;859;1466;1035;2228
1086;1;360;482;864;1414;1039;2211
1087;1;372;448;860;1475;1023;2257
1088;1;345;478;863;1462;1034;2227
1089;1;365;491;855;1432;1028;2233
1090;1;363;478;860;1485;1005;2218
1091;1;373;453;866;1466;1019;2267
1092;1;365;495;858;1472;1025;2240
1093;1;360;491;861;1426;1014;2243
1094;1;367;482;869;1479;1005;2198
1095;1;363;451;873;1476;1008;2280
1096;1;330;478;873;1478;1016;2261
1097;1;370;478;884;1478;980;2234
1098;1;372;490;867;1471;1014;2236
1099;1;369;478;890;1471;1003;2232
1100;1;380;470;860;1462;1019;2286
1101;1;367;473;884;1476;1022;2255
1102;1;387;489;850;1486;1005;2262
1103;1;370;485;895;1424;1015;2256
1104;1;377;491;877;1478;1005;2280
1105;1;372;503;879;1461;1019;2239
1106;1;386;442;887;1475;1006;2286
1107;1;378;480;887;1484;967;2297
1108;1;391;491;862;1483;1010;2251
1109;1;375;469;908;1489;996;2330
1110;1;379;449;909;1487;1000;2300
1111;1;384;504;894;1496;989;2305
1112;1;382;506;904;1480;988;2297
1113;1;384;490;903;1492;990;2264
1114;1;382;502;901;1466;992;2305
1115;1;358;492;910;1487;1005;2309
1116;1;346;486;908;1486;992;2318
1117;1;384;491;903;1490;963;2310
1118;1;396;488;880;1473;977;2300
1119;1;395;485;869;1487;972;2316
1120;1;345;491;907;1474;992;2293
1121;1;386;448;913;1483;979;2318
1122;1;390;500;870;1490;968;2307
1123;1;383;507;890;1463;967;2294
1124;1;338;491;893;1472;980;2301
1125;1;387;471;892;1477;967;2297
1126;1;381;488;902;1485;919;2332
1127;4;603;639;1233;1628;1280;2316
1128;4;611;629;1273;1641;1338;2302
1129;4;699;648;1343;1667;1414;2294
1130;4;757;730;1358;1697;1479;2242
1131;4;696;678;1354;1644;1476;2239
1132;4;681;703;1339;1653;1422;2238
1133;4;777;728;1438;1698;1527;2257
1134;4;730;734;1388;1654;1527;2211
1135;4;702;716;1359;1643;1510;2222
1136;4;696;713;1364;1656;1493;2198
1137;4;680;682;1333;1647;1483;2193
1138;4;690;694;1306;1667;1470;2198
1139;4;688;706;1308;1661;1469;2198
1140;4;677;708;1327;1665;1469;2158
1141;4;695;692;1328;1664;1469;2191
1142;4;691;695;1310;1650;1487;2157
1143;4;680;677;1364;1651;1482;2186
1144;4;702;673;1353;1653;1475;2180
1145;4;700;719;1374;1633;1491;2179
1146;4;736;737;1358;1678;1522;2156
1147;4;776;752;1376;1683;1558;2142
1148;4;778;769;1386;1701;1562;2146
1149;4;786;789;1451;1662;1583;2147
1150;4;789;770;1420;1679;1580;2108
1151;4;773;799;1472;1694;1615;2106
1152;4;851;829;1500;1716;1613;2133
1153;4;733;744;1381;1638;1566;2095
1154;4;707;704;1357;1669;1510;2105
1155;4;708;742;1374;1664;1505;2112
1156;4;712;729;1335;1666;1498;2108
1157;4;647;668;1308;1637;1466;2105
1158;4;653;642;1327;1639;1445;2142
1159;4;659;680;1329;1638;1444;2103
1160;4;630;663;1295;1624;1377;2113
1161;4;601;654;1265;1615;1348;2090
1162;4;671;700;1325;1598;1458;2092
1163;4;633;693;1332;1633;1465;2069
1164;4;659;694;1335;1633;1474;2094
1165;4;736;695;1409;1684;1490;2134
1166;4;771;765;1391;1692;1523;2106
1167;4;815;812;1473;1672;1580;2071
1168;4;849;808;1492;1698;1568;2074
1169;4;843;812;1492;1679;1620;2076
1170;4;792;780;1434;1653;1582;2088
1171;4;746;778;1438;1681;1577;2082
1172;4;748;757;1362;1672;1562;2049
1173;4;650;708;1347;1638;1507;2069
1174;4;691;741;1395;1667;1532;2073
1175;4;686;744;1397;1657;1515;2066
1176;4;822;813;1502;1708;1608;2028
1177;4;854;828;1513;1715;1657;2043
1178;3;630;705;1218;1643;1343;2066
1179;3;626;669;1224;1653;1352;2112
1180;3;752;816;1318;1697;1486;1995
1181;3;831;914;1455;1735;1606;1951
1182;3;824;907;1445;1702;1621;1955
1183;3;858;945;1469;1767;1656;1879
1184;3;874;963;1499;1716;1682;1929
1185;3;882;976;1514;1751;1664;1908
1186;3;931;972;1543;1783;1698;1912
1187;3;975;1065;1576;1794;1751;1822
1188;3;976;1019;1577;1796;1754;1865
1189;3;975;1091;1607;1766;1769;1857
1190;3;1003;1046;1606;1813;1753;1889
1191;3;989;1114;1601;1771;1777;1856
1192;3;1005;1115;1608;1813;1767;1837
1193;3;1000;1124;1568;1805;1795;1842
1194;3;996;1115;1623;1766;1789;1845
1195;3;932;1115;1609;1803;1785;1853
1196;3;991;1126;1615;1816;1764;1854
1197;3;894;1072;1575;1791;1748;1889
1198;3;904;1046;1550;1794;1705;1864
1199;3;762;916;1428;1696;1628;1958
1200;3;764;908;1419;1732;1608;1927
1201;3;764;917;1383;1724;1610;1931
1202;3;687;849;1307;1698;1536;1995
1203;1;311;456;809;1389;1046;2106
1204;1;310;455;810;1396;1051;2113
1205;1;321;414;814;1392;1010;2158
1206;1;280;454;811;1390;999;2130
1207;1;331;443;783;1402;966;2170
1208;1;325;442;789;1389;969;2157
1209;1;309;443;823;1387;912;2178
1210;1;263;442;813;1383;945;2196
1211;1;308;459;802;1395;926;2193
1212;1;309;451;795;1392;906;2230
1213;1;312;435;833;1382;875;2226
1214;1;329;438;792;1390;884;2243
1215;1;301;433;816;1400;896;2245
1216;1;306;432;815;1408;886;2201
1217;1;307;433;814;1398;895;2192
1218;1;301;411;820;1394;884;2266
1219;1;311;442;787;1393;883;2244
1220;1;286;430;820;1393;874;2250
1221;1;310;430;829;1379;879;2294
1222;1;277;436;822;1384;884;2274
1223;1;263;437;820;1384;883;2258
1224;1;306;425;829;1379;836;2305
1225;1;324;427;786;1387;863;2278
1226;1;310;435;817;1349;863;2275
1227;1;311;426;819;1401;856;2284
1228;1;305;425;816;1406;853;2267
1229;1;321;435;786;1395;856;2284
1230;1;325;430;818;1402;846;2315
1231;1;284;428;822;1397;856;2268
1232;1;325;427;818;1395;852;2301
1233;1;332;436;806;1397;843;2315
1234;1;312;422;830;1388;820;2321
1235;1;278;427;832;1392;869;2274
1236;1;313;428;830;1397;834;2288
1237;1;312;425;844;1405;866;2309
1238;1;315;430;842;1350;842;2330
1239;1;313;440;836;1383;859;2308
1240;1;323;433;793;1397;845;2336
1241;1;318;443;822;1390;856;2309
1242;1;311;418;838;1391;819;2310
1243;1;311;422;846;1399;832;2305
1244;1;311;425;824;1371;839;2337
1245;1;312;435;823;1388;837;2317
1246;1;319;434;798;1395;844;2336
1247;1;313;421;842;1380;822;2327
1248;1;313;434;813;1397;839;2318
1249;1;309;382;832;1389;828;2344
1250;1;327;403;829;1397;824;2357
1251;1;312;433;831;1369;837;2331
1252;1;321;409;834;1394;827;2323
1253;1;320;388;838;1400;823;2360
1254;1;295;423;830;1400;840;2268
1255;1;317;424;836;1361;840;2333
1256;1;301;429;826;1399;819;2291
1257;1;288;418;827;1384;846;2299
1258;1;328;422;815;1384;832;2338
1259;1;314;435;833;1380;825;2363
1260;1;334;426;820;1399;831;2337
1261;1;305;424;847;1400;847;2347
1262;1;344;427;839;1416;831;2362
1263;1;307;427;854;1395;852;2350
1264;1;321;437;833;1401;838;2345
1265;1;334;418;841;1401;842;2343
1266;1;322;370;841;1403;819;2389
1267;1;313;413;845;1384;820;2362
1268;1;326;413;816;1393;835;2332
1269;1;306;426;827;1362;822;2365
1270;1;305;413;828;1398;834;2359
1271;1;307;405;820;1381;812;2281
1272;1;309;406;839;1381;785;2351
1273;1;307;404;814;1384;783;2375
1274;1;317;407;777;1391;804;2363
1275;1;311;365;815;1385;792;2384
1276;1;321;402;806;1386;806;2336
1277;1;318;390;821;1384;804;2372
1278;1;323;409;814;1383;819;2344
1279;1;302;400;824;1341;810;2354
1280;1;305;401;814;1345;794;2389
1281;1;265;401;808;1374;795;2349
1282;1;309;416;800;1372;797;2353
1283;1;267;404;810;1377;802;2359
1284;1;401;398;810;1323;790;2354
1285;1;314;438;753;1379;936;2367
1286;1;277;385;758;1359;857;2304
1287;1;270;376;765;1352;802;2292
1288;1;272;376;775;1348;792;2316
1289;1;288;368;770;1343;776;2329
1290;1;268;346;772;1333;773;2379
1291;4;957;906;1579;1705;1608;2235
1292;4;896;864;1511;1667;1625;2131
1293;4;742;752;1343;1598;1550;2155
1294;4;695;716;1369;1597;1482;2156
1295;4;714;747;1352;1595;1518;2113
1296;4;744;729;1405;1604;1544;2136
1297;4;858;855;1477;1655;1620;2115
1298;4;778;784;1400;1638;1579;2117
1299;4;760;762;1377;1610;1552;2095
1300;4;722;742;1394;1613;1478;2122
1301;4;660;735;1376;1590;1528;2077
1302;4;631;719;1365;1586;1517;2097
1303;4;628;715;1347;1581;1488;2106
1304;4;644;694;1352;1579;1442;2107
1305;4;646;713;1308;1593;1453;2106
1306;4;629;683;1338;1541;1443;2128
1307;4;655;694;1308;1606;1460;2079
1308;4;694;729;1396;1568;1492;2106
1309;4;672;713;1367;1607;1440;2100
1310;4;671;710;1362;1606;1445;2087
1311;4;662;717;1361;1561;1467;2111
1312;4;748;775;1462;1628;1509;2110
1313;4;908;896;1604;1667;1643;2090
1314;4;819;806;1510;1670;1599;2099
1315;4;753;790;1439;1656;1566;2038
1316;4;733;785;1428;1650;1517;2064
1317;4;710;776;1397;1618;1514;2048
1318;4;693;689;1389;1616;1489;2061
1319;4;633;727;1385;1606;1488;2092
1320;4;660;730;1371;1576;1484;2034
1321;4;672;718;1394;1590;1489;2043
1322;4;595;677;1323;1587;1442;2076
1323;4;640;696;1350;1606;1459;1998
1324;4;598;675;1303;1601;1390;2052
1325;4;581;605;1281;1561;1389;2046
1326;4;569;670;1276;1554;1384;2040
1327;4;516;638;1253;1570;1356;2029
1328;4;528;626;1233;1567;1299;2024
1329;4;524;620;1247;1531;1299;2051
1330;4;515;626;1185;1546;1283;2027
1331;4;479;594;1192;1534;1243;2012
1332;4;502;591;1208;1546;1212;2059
1333;4;500;606;1213;1535;1225;2046
1334;4;497;597;1217;1530;1224;2055
1335;4;468;575;1162;1549;1160;2059
1336;4;491;594;1134;1559;1204;2048
1337;4;471;605;1158;1527;1209;2071
1338;4;483;589;1138;1571;1184;2083
1339;4;477;608;1167;1526;1217;2052
1340;3;777;904;1388;1739;1583;1872
1341;3;705;814;1354;1724;1547;1917
1342;3;662;791;1339;1721;1507;1866
1343;3;676;798;1356;1672;1528;1877
1344;3;647;766;1338;1701;1497;1911
1345;3;675;794;1355;1703;1441;1900
1346;3;674;811;1353;1702;1491;1895
1347;3;696;789;1325;1715;1496;1869
1348;3;683;812;1354;1721;1493;1901
1349;3;665;806;1370;1722;1524;1854
1350;3;639;805;1370;1713;1508;1902
1351;3;716;791;1396;1735;1503;1908
1352;3;716;836;1399;1736;1508;1869
1353;3;743;829;1412;1734;1539;1865
1354;3;789;874;1435;1753;1583;1838
1355;3;748;886;1431;1731;1548;1869
1356;3;782;909;1448;1754;1599;1832
1357;3;773;895;1465;1769;1599;1823
1358;3;798;897;1500;1765;1589;1882
1359;3;776;895;1430;1779;1587;1860
1360;3;786;908;1443;1773;1609;1856
1361;3;797;882;1487;1760;1626;1855
1362;3;733;896;1462;1761;1605;1862
1363;3;763;892;1461;1708;1614;1862
1364;3;761;892;1414;1751;1598;1855
1365;3;731;887;1453;1742;1594;1860
1366;3;732;887;1452;1738;1586;1868
1367;3;742;879;1441;1742;1587;1805
1368;3;735;880;1439;1738;1580;1814
1369;3;759;891;1456;1769;1569;1831
1370;3;743;893;1418;1760;1562;1881
1371;3;744;889;1403;1754;1571;1855
1372;3;762;904;1413;1758;1580;1881
1373;3;757;869;1434;1749;1565;1880
1374;3;665;853;1416;1738;1552;1921
1375;3;740;872;1455;1727;1570;1863
1376;3;733;871;1447;1753;1519;1901
1377;3;726;823;1424;1729;1546;1896
1378;3;734;815;1427;1736;1554;1894
1379;3;765;855;1456;1752;1565;1882
1380;3;736;868;1431;1748;1530;1885
1381;3;728;849;1421;1736;1549;1901
1382;3;728;865;1426;1755;1520;1903
1383;3;735;877;1440;1756;1526;1887
1384;3;737;882;1451;1706;1574;1887
1385;3;712;842;1428;1739;1535;1902
1386;3;693;832;1393;1739;1496;1895
1387;3;586;705;1278;1670;1407;2002
1388;3;654;801;1358;1661;1477;1924
1389;3;634;773;1351;1663;1463;1928
1390;3;640;769;1338;1710;1404;1958
1391;3;640;737;1339;1695;1439;1986
1392;3;597;770;1331;1682;1444;1962
1393;3;640;726;1329;1694;1420;1953
1394;3;617;750;1322;1654;1402;1978
1395;3;613;719;1311;1682;1388;1999
1396;3;613;746;1307;1686;1409;1906
1397;3;570;745;1311;1679;1427;1974
1398;3;608;735;1294;1685;1335;1988
1399;3;615;691;1301;1674;1395;1958
1400;2;423;562;1028;1490;1103;2207
1401;2;426;555;1028;1495;1086;2174
1402;2;410;535;1029;1497;1070;2204
1403;2;417;536;1030;1515;1059;2125
1404;2;415;537;1024;1507;1051;2107
1405;2;420;500;1044;1512;1058;2200
1406;2;418;543;1009;1513;1053;2175
1407;2;422;512;1009;1497;1037;2185
1408;2;404;517;1021;1492;1000;2160
1409;2;414;513;1017;1510;1020;2169
1410;2;408;518;1012;1516;1021;2133
1411;2;448;557;1015;1563;1097;2097
1412;2;453;579;1067;1576;1098;2057
1413;2;409;584;1065;1550;1106;2107
1414;2;426;598;1093;1582;1128;2115
1415;2;480;627;1128;1546;1132;2113
1416;2;488;615;1118;1609;1115;2088
1417;2;496;620;1131;1606;1092;2155
1418;2;498;619;1143;1604;1080;2169
1419;2;525;612;1150;1614;1132;2142
1420;2;489;614;1157;1600;1149;2160
1421;2;517;640;1162;1629;1151;2181
1422;2;587;695;1231;1659;1229;2142
1423;2;541;654;1207;1620;1194;2161
1424;2;537;645;1220;1595;1185;2187
1425;2;562;671;1187;1647;1192;2199
1426;2;557;618;1228;1628;1193;2182
1427;2;554;684;1225;1631;1210;2169
1428;2;575;630;1255;1659;1203;2192
1429;2;521;664;1242;1619;1216;2156
1430;2;514;666;1249;1651;1210;2183
1431;2;524;678;1260;1652;1227;2171
1432;2;565;665;1251;1650;1182;2169
1433;4;642;694;1202;1687;1322;2201
1434;4;607;661;1154;1692;1372;2190
1435;4;622;668;1152;1691;1399;2248
1436;4;573;618;1115;1657;1384;2261
1437;4;549;611;1112;1620;1384;2289
1438;4;529;603;1102;1642;1368;2251
1439;4;556;568;1103;1640;1370;2293
1440;4;546;617;1094;1611;1366;2287
1441;4;512;609;1117;1640;1376;2301
1442;4;546;626;1140;1676;1366;2293
1443;4;607;647;1156;1693;1377;2300
1444;4;622;688;1185;1689;1401;2283
1445;4;585;676;1155;1675;1411;2320
1446;4;595;652;1110;1678;1406;2310
1447;4;599;654;1153;1679;1395;2326
1448;4;593;696;1198;1708;1440;2323
1449;4;644;682;1158;1701;1434;2309
1450;4;619;675;1175;1680;1418;2331
1451;4;603;662;1154;1680;1411;2318
1452;4;606;672;1163;1654;1441;2336
1453;4;627;668;1142;1679;1449;2292
1454;4;621;671;1173;1691;1445;2267
1455;4;574;678;1173;1680;1452;2324
1456;4;601;668;1137;1646;1434;2329
1457;4;588;601;1140;1657;1438;2307
1458;4;597;652;1152;1686;1435;2264
1459;4;601;671;1152;1645;1429;2335
1460;4;595;655;1157;1680;1420;2298
1461;4;615;667;1171;1672;1388;2324
1462;4;619;674;1187;1669;1445;2307
1463;4;615;634;1162;1690;1424;2356
1464;4;612;653;1128;1679;1433;2309
1465;4;594;644;1142;1624;1433;2333
1466;4;595;643;1145;1677;1421;2312
1467;4;606;674;1160;1662;1439;2306
1468;4;596;655;1157;1659;1388;2323
1469;4;600;664;1140;1681;1415;2336
1470;4;628;690;1132;1687;1427;2323
1471;4;638;669;1158;1683;1422;2335
1472;4;626;659;1179;1684;1440;2319
1473;4;612;668;1183;1677;1392;2350
1474;4;585;673;1171;1673;1455;2320
1475;4;573;669;1173;1677;1456;2316
1476;1;401;531;896;1497;1673;2210
1477;1;374;485;863;1472;1440;2167
1478;1;377;467;873;1480;1159;2201
1479;1;367;464;926;1437;1003;2272
1480;1;367;470;932;1441;955;2309
1481;1;378;420;940;1485;928;2326
1482;1;378;459;953;1465;914;2343
1483;1;380;426;948;1501;915;2353
1484;1;373;479;894;1487;908;2313
1485;1;396;414;964;1499;910;2364
1486;1;387;469;962;1509;927;2287
1487;1;384;467;970;1493;883;2341
1488;1;379;516;882;1444;1493;2095
1489;1;368;489;903;1476;1348;2113
1490;1;375;483;912;1470;1225;2155
1491;1;344;490;926;1489;1175;2163
1492;1;377;460;916;1477;1102;2194
1493;1;370;476;910;1496;1049;2165
1494;1;380;447;921;1475;1029;2212
1495;1;394;442;932;1495;998;2255
1496;1;377;497;915;1455;992;2235
1497;1;376;486;911;1449;970;2268
1498;1;383;454;922;1495;952;2287
1499;1;381;475;930;1469;949;2294
1500;1;392;473;897;1497;950;2277
1501;1;383;434;945;1496;938;2296
1502;4;453;517;1070;1558;1054;2285
1503;4;1082;968;1670;1789;1712;2197
1504;4;1065;970;1657;1741;1726;2121
1505;4;1118;1015;1654;1793;1768;1984
1506;4;1058;997;1668;1788;1759;1940
1507;4;1053;970;1652;1781;1701;1955
1508;4;989;940;1601;1725;1697;1944
1509;4;914;872;1555;1740;1610;1946
1510;4;844;828;1507;1706;1615;1873
1511;4;834;768;1495;1707;1583;1959
1512;4;764;779;1433;1675;1556;1900
1513;4;686;738;1413;1664;1522;1927
1514;4;710;737;1395;1656;1491;1912
1515;4;674;716;1360;1643;1435;1968
1516;4;680;697;1372;1654;1392;1974
1517;4;689;695;1377;1656;1381;1978
1518;4;636;666;1327;1637;1376;1983
1519;4;645;665;1311;1642;1377;1987
1520;4;663;673;1316;1629;1383;1989
1521;2;518;642;1238;1624;1261;2192
1522;2;567;594;1253;1625;1279;2073
1523;2;547;605;1244;1609;1273;2025
1524;2;554;644;1250;1644;1275;2124
1525;2;554;657;1213;1626;1282;2062
1526;2;568;649;1261;1644;1222;2020
1527;2;563;652;1281;1605;1283;2089
1528;2;562;652;1282;1607;1276;2076
1529;2;590;644;1282;1649;1275;2082
1530;2;573;663;1279;1652;1293;2028
1531;2;580;664;1234;1646;1282;2089
1532;2;529;646;1260;1633;1288;2087
1533;2;555;632;1265;1593;1262;2022
1534;2;542;616;1249;1581;1245;2023
1535;2;507;599;1209;1591;1243;2068
1536;2;540;599;1206;1607;1218;2025
1537;2;535;611;1229;1619;1224;2092
1538;2;513;612;1221;1597;1258;2065
1539;2;566;573;1256;1598;1261;2043
1540;2;522;614;1236;1606;1241;2047
1541;2;530;605;1236;1603;1252;2042
1542;2;557;579;1250;1619;1242;2064
1543;2;559;638;1275;1601;1264;2052
1544;2;581;667;1233;1634;1298;2013
1545;2;547;668;1300;1646;1312;2037
1546;2;534;654;1282;1625;1308;2017
1547;2;580;676;1291;1615;1298;2022
1548;2;595;642;1296;1646;1286;2119
1549;2;546;668;1304;1635;1324;2096
1550;2;633;725;1310;1689;1348;2013
1551;2;560;680;1316;1656;1322;2025
1552;2;543;631;1259;1578;1262;2031
1553;2;509;613;1188;1582;1217;2109
1554;2;503;607;1169;1603;1189;2158
1555;2;530;614;1228;1618;1184;2146
1556;2;503;590;1205;1585;1171;2154
1557;2;478;585;1183;1587;1178;2117
1558;2;459;595;1207;1586;1190;2195
1559;2;502;585;1190;1592;1178;2110
1560;2;513;577;1162;1589;1155;2161
1561;1;397;521;894;1450;1429;1932
1562;1;381;460;888;1476;1330;1913
1563;1;327;483;892;1462;1312;1889
1564;1;375;457;894;1470;1228;1899
1565;1;379;498;931;1487;1196;1907
1566;1;381;466;965;1501;1166;1942
1567;3;621;689;1247;1675;1401;1850
1568;3;614;700;1296;1671;1353;1873
1569;3;643;708;1334;1688;1431;1872
1570;3;644;708;1348;1699;1447;1887
1571;3;683;762;1375;1707;1487;1837
1572;3;715;801;1422;1727;1496;1870
1573;3;738;821;1421;1754;1492;1845
1574;3;749;832;1438;1740;1492;1866
1575;3;766;856;1450;1763;1559;1841
1576;3;768;865;1450;1756;1554;1845
1577;3;744;793;1435;1742;1540;1861
1578;3;738;848;1436;1749;1550;1857
1579;3;747;842;1444;1751;1562;1804
1580;3;775;881;1472;1708;1591;1836
1581;3;772;883;1472;1733;1578;1850
1582;3;791;894;1493;1761;1590;1833
1583;3;807;912;1510;1782;1621;1829
1584;3;803;906;1515;1777;1582;1845
1585;3;804;921;1503;1781;1625;1859
1586;3;816;904;1478;1770;1624;1822
1587;3;800;911;1507;1789;1626;1797
1588;3;802;905;1516;1771;1603;1868
1589;3;794;870;1520;1784;1617;1864
1590;3;803;918;1464;1786;1630;1826
1591;3;805;917;1513;1778;1613;1827
1592;3;801;911;1522;1770;1596;1835
1593;3;816;927;1492;1777;1622;1862
1594;3;805;902;1516;1767;1627;1831
1595;3;793;875;1519;1767;1603;1869
1596;3;815;941;1492;1786;1618;1849
1597;3;792;910;1507;1770;1607;1832
1598;3;779;904;1499;1773;1596;1820
1599;3;781;926;1483;1765;1617;1842
1600;3;772;895;1492;1778;1588;1841
1601;3;754;883;1431;1758;1577;1881
1602;1;416;491;1052;1547;997;2218
1603;1;423;525;1052;1557;989;2198
1604;1;431;523;1016;1534;1005;2183
1605;1;428;484;1060;1567;984;2246
1606;1;422;530;1073;1525;999;2195
1607;1;393;532;1062;1557;1000;2220
1608;1;421;529;1078;1538;958;2221
1609;1;424;540;1047;1538;994;2212
1610;1;441;520;1067;1554;985;2228
1611;1;429;485;1069;1554;976;2263
1612;1;432;491;1079;1547;991;2252
1613;1;407;533;1078;1549;993;2202
1614;1;426;494;1085;1554;989;2286
1615;4;659;652;1351;1649;1309;2169
1616;4;1098;997;1723;1813;1594;2187
1617;4;1127;1020;1712;1766;1696;2131
1618;4;1039;983;1662;1784;1676;2033
1619;4;1105;1014;1698;1811;1718;2030
1620;4;1088;979;1709;1793;1720;2079
1621;4;1091;1017;1693;1759;1729;2027
1622;4;1089;1012;1702;1796;1681;2029
1623;4;1141;1047;1727;1810;1743;1986
1624;4;1090;1044;1715;1795;1748;1969
1625;4;1097;1020;1708;1790;1707;1970
1626;4;1091;1030;1693;1765;1748;1951
1627;4;1064;1021;1679;1789;1731;1955
1628;4;1062;1023;1692;1789;1735;1897
1629;4;1030;992;1650;1742;1711;1970
1630;4;965;928;1610;1699;1686;1941
1631;4;865;880;1522;1723;1621;1967
1632;4;705;732;1381;1643;1520;1958
1633;4;606;638;1281;1625;1446;1986
1634;4;559;642;1243;1603;1340;1994
1635;1;379;488;943;1498;900;2185
1636;1;389;486;1014;1504;898;2202
1637;1;380;495;1012;1457;928;2186
1638;1;376;453;994;1503;916;2220
1639;1;403;485;963;1507;901;2202
1640;1;385;484;984;1515;902;2190
1641;1;396;447;1001;1495;912;2240
1642;1;415;454;1031;1507;939;2225
1643;1;415;471;1063;1508;964;2224
1644;2;459;576;1146;1534;1049;2165
1645;2;502;551;1190;1587;1090;2165
1646;2;494;594;1181;1607;1103;2128
1647;2;490;591;1194;1592;1085;2164
1648;2;484;603;1145;1596;1087;2167
1649;2;495;606;1192;1556;1106;2158
1650;2;498;614;1153;1609;1104;2157
1651;2;494;598;1195;1612;1065;2179
1652;2;510;603;1178;1612;1101;2157
1653;2;478;594;1166;1598;1092;2095
1654;2;499;614;1195;1627;1116;2098
1655;2;504;624;1207;1588;1131;2133
1656;2;510;602;1214;1615;1132;2156
1657;2;533;599;1221;1625;1141;2134
1658;2;520;633;1218;1627;1103;2137
1659;2;541;621;1231;1636;1149;2146
1660;2;547;631;1226;1643;1161;2143
1661;2;523;649;1207;1630;1162;2143
1662;2;523;629;1218;1640;1122;2151
1663;2;522;641;1224;1596;1162;2159
1664;2;522;627;1233;1646;1118;2147
1665;2;499;635;1236;1621;1184;2153
1666;2;525;647;1227;1617;1166;2137
1667;2;537;643;1206;1638;1154;2145
1668;2;526;624;1252;1608;1140;2144
1669;2;552;631;1222;1631;1160;2158
1670;2;519;627;1242;1626;1165;2157
1671;2;531;637;1252;1580;1187;2131
1672;2;494;636;1247;1627;1182;2140
1673;2;532;634;1255;1638;1129;2161
1674;2;533;657;1225;1634;1184;2121
1675;2;551;650;1219;1639;1173;2156
1676;2;540;648;1250;1642;1186;2081
1677;2;548;641;1277;1636;1172;2159
1678;2;504;661;1284;1634;1213;2137
1679;2;554;660;1283;1625;1204;2146
1680;2;554;656;1278;1641;1210;2085
1681;2;535;651;1274;1631;1210;2086
1682;2;547;641;1276;1651;1143;2151
1683;2;541;664;1216;1634;1204;2120
1684;2;543;654;1268;1642;1192;2099
1685;2;509;651;1272;1643;1189;2160
1686;2;546;662;1221;1660;1194;2138
1687;2;557;598;1274;1637;1190;2143
1688;2;501;650;1274;1639;1207;2148
1689;2;561;616;1282;1635;1196;2134
1690;2;550;665;1228;1659;1198;2144
1691;2;544;633;1281;1647;1197;2148
1692;2;560;665;1243;1650;1196;2126
1693;2;564;665;1248;1650;1191;2144
1694;2;568;607;1288;1651;1193;2159
1695;2;568;649;1278;1656;1190;2130
1696;2;551;650;1285;1643;1150;2160
1697;1;391;473;978;1498;989;2251
1698;1;384;491;973;1492;956;2248
1699;1;404;483;972;1507;956;2287
1700;1;387;499;995;1472;943;2231
1701;1;390;509;993;1482;936;2238
1702;1;384;506;996;1496;921;2272
1703;1;390;491;1012;1505;897;2292
1704;1;391;489;1020;1493;924;2209
1705;1;391;505;1012;1476;931;2188
1706;1;386;486;1012;1518;924;2234
1707;1;358;497;1008;1509;937;2208
1708;1;394;497;1004;1469;924;2238
1709;1;382;489;996;1503;872;2234
1710;1;393;496;1006;1519;914;2192
1711;1;395;499;1017;1468;922;2237
1712;1;391;509;981;1514;908;2269
1713;1;358;496;1009;1507;935;2234
1714;1;405;453;1014;1510;904;2296
1715;1;385;504;995;1483;910;2246
1716;1;384;493;996;1516;891;2249
1717;1;367;482;999;1498;907;2275
1718;1;365;488;983;1497;908;2207
1719;1;388;498;945;1511;890;2283
1720;1;386;509;991;1499;896;2274
1721;1;394;443;999;1506;897;2265
1722;1;381;492;997;1470;891;2271
1723;1;408;500;1039;1532;880;2312
1724;1;387;493;1014;1517;928;2262
1725;1;399;469;1037;1527;926;2307
1726;1;412;471;1041;1509;937;2289
1727;1;403;515;1015;1527;927;2302
1728;1;413;495;1027;1518;933;2272
1729;1;374;506;1041;1513;941;2256
1730;1;408;502;1042;1540;941;2265
1731;1;406;515;1042;1498;936;2301
1732;1;406;505;1055;1494;949;2280
1733;1;366;510;1052;1521;961;2287
1734;4;687;755;1378;1785;1315;2302
1735;4;785;930;1423;1830;1558;2274
1736;4;872;1021;1436;1853;1603;2283
1737;4;872;1017;1416;1853;1616;2270
1738;4;798;904;1321;1763;1632;2243
1739;4;674;804;1283;1728;1616;2267
1740;4;671;751;1259;1711;1582;2274
1741;4;653;734;1241;1724;1595;2261
1742;4;629;709;1237;1707;1600;2192
1743;4;643;718;1257;1720;1588;2248
1744;4;620;720;1249;1705;1590;2281
1745;4;650;711;1275;1717;1577;2287
1746;4;702;775;1332;1781;1565;2253
1747;4;772;864;1432;1834;1587;2277
1748;4;819;959;1347;1818;1606;2250
1749;4;695;841;1283;1729;1620;2263
1750;4;696;754;1271;1727;1603;2262
1751;4;655;740;1260;1710;1595;2284
1752;4;688;767;1319;1769;1598;2258
1753;4;710;802;1300;1729;1579;2272
1754;4;686;740;1289;1737;1592;2258
1755;4;779;860;1389;1808;1603;2249
1756;4;788;890;1376;1807;1548;2290
1757;4;745;837;1327;1753;1588;2265
1758;4;713;799;1298;1703;1613;2256
1759;4;721;853;1336;1769;1624;2250
1760;4;706;747;1309;1736;1606;2277
1761;4;678;783;1267;1710;1591;2289
1762;4;634;746;1268;1710;1605;2257
1763;4;711;736;1323;1757;1577;2312
1764;4;691;764;1307;1747;1598;2247
1765;4;689;755;1268;1714;1608;2256
1766;4;690;754;1280;1720;1630;2276
1767;1;379;494;987;1513;997;2210
1768;1;370;456;997;1506;970;2229
1769;1;383;462;995;1505;970;2214
1770;1;396;472;996;1500;960;2194
1771;1;385;484;954;1499;952;2235
1772;1;333;483;1000;1482;963;2229
1773;1;394;483;967;1496;929;2248
1774;1;379;489;953;1508;923;2249
1775;1;377;482;1010;1466;935;2242
1776;1;377;479;998;1466;927;2238
1777;1;377;498;991;1492;921;2286
1778;1;370;466;994;1484;912;2262
1779;1;336;473;983;1492;922;2225
1780;1;375;447;992;1491;900;2274
1781;1;344;475;988;1487;913;2256
1782;1;373;478;984;1496;902;2208
1783;1;372;479;997;1451;891;2274
1784;1;381;486;951;1490;898;2248
1785;1;372;471;991;1501;841;2265
1786;1;375;472;988;1508;881;2228
1787;1;381;479;1003;1471;890;2265
1788;1;372;470;981;1508;848;2298
1789;1;383;478;952;1496;882;2279
1790;1;372;474;983;1494;849;2276
1791;1;367;471;990;1474;867;2278
1792;1;368;471;987;1446;883;2279
1793;1;370;473;930;1498;871;2268
1794;1;384;446;979;1482;880;2280
1795;1;326;471;980;1475;890;2302
1796;1;351;476;978;1490;880;2255
1797;1;369;475;984;1459;876;2298
1798;1;375;470;994;1487;843;2296
1799;1;384;478;945;1497;868;2284
1800;1;385;461;965;1497;855;2301
1801;1;389;464;962;1492;852;2273
1802;1;367;464;983;1457;860;2292
1803;1;383;449;978;1492;858;2314
1804;1;372;483;935;1499;858;2302
1805;1;373;469;979;1508;853;2263
1806;1;417;528;989;1625;1151;2204
1807;1;417;515;999;1619;1087;2239
1808;1;432;482;1014;1607;1078;2280
1809;1;442;523;1048;1622;993;2318
1810;1;448;548;1051;1612;1018;2306
1811;1;458;498;1057;1621;995;2317
1812;1;459;540;1077;1609;978;2337
1813;1;459;538;1062;1632;988;2319
1814;1;460;544;1069;1646;978;2340
1815;1;457;539;1083;1601;983;2329
1816;1;429;530;1090;1633;985;2343
1817;1;460;500;1098;1648;970;2369
1818;1;473;534;1057;1643;986;2322
1819;1;467;538;1107;1621;978;2333
1820;1;470;554;1087;1629;971;2355
1821;2;518;559;1168;1664;1088;2108
1822;2;528;546;1184;1681;1075;2100
1823;2;521;551;1182;1648;1075;2126
1824;2;508;564;1200;1674;1087;2086
1825;2;539;565;1212;1655;1082;2101
1826;2;541;571;1174;1677;1074;2117
1827;2;558;553;1198;1675;1078;2123
1828;2;506;567;1217;1684;1094;2111
1829;2;545;572;1222;1686;1053;2128
1830;2;565;595;1257;1661;1101;2145
1831;2;591;602;1232;1717;1111;2142
1832;2;591;608;1282;1718;1087;2113
1833;2;548;581;1251;1684;1104;2117
1834;2;587;590;1267;1706;1094;2128
1835;2;486;529;1136;1608;965;2094
1836;2;436;533;1114;1613;979;2101
1837;2;469;527;1124;1635;978;2090
1838;2;477;533;1088;1625;958;2126
1839;2;492;513;1091;1622;957;2101
1840;2;480;532;1119;1577;958;2125
1841;4;862;826;1564;1768;1540;2037
1842;4;917;821;1571;1779;1543;2008
1843;4;925;832;1582;1776;1545;1989
1844;4;928;840;1587;1787;1538;1986
1845;4;926;840;1606;1785;1555;1996